k,inertia,silhouette,davies_bouldin,calinski_harabasz
2,407799.89526960533,0.43641381049008215,0.8972390084900286,9133.322469075294
3,284034.7532484544,0.40495823758056226,0.9495966536424966,8850.01311794871
4,211626.2445127903,0.41420294793785567,0.8897412879335094,9383.893439238245
5,171154.5684153659,0.4465359274350176,0.8267870071033852,9229.52893675947
6,141287.18053732312,0.4155943794686542,0.9139274930898615,9385.443331916766
7,118191.94134380718,0.4369648131496054,0.8125402598987028,9651.250561872112
8,102872.5679848091,0.386543590412043,0.863979350982538,9656.989651237689
9,93412.49178434303,0.36242996442178355,0.904461538497238,9434.40402797246
10,87654.77237715853,0.35302529637144786,0.982033081737052,9100.988028594422
