segment,customers,pct_of_base,avg_revenue,avg_data_gb,avg_dou,avg_aon_days,pack_penetration,actual_churn_rate,monthly_revenue_inr,mean_churn_risk,revenue_at_risk_inr,ucg_count,utg_count
Premium Power,13628,6.965855653240646,803.2865,23.991209,27.871,1904.3040064572938,100.0,1.0052832403874377,1.0947188e+07,0.023542387740647968,244829.48178676903,409,13219
Loyal Core,53309,27.24851768554488,376.49704,14.263655,25.54895,1842.1558648633438,100.0,7.807312086139301,2.007068e+07,0.1505433867934884,2444002.447949006,1599,51710
Sleeping Giant,11258,5.754446943365365,367.27817,15.224059,25.127642,1530.2926807603483,0.0,18.493515722153138,4.1348178e+06,0.294624489033831,933928.4955193684,338,10920
Deal Seeker,45617,23.316806379063586,205.05116,8.216722,21.309292,704.8999276585483,100.0,31.2931582524059,9.353819e+06,0.5067266413934816,4686334.922640068,1369,44248
Question Mark,18947,9.68462482109998,112.40814,3.3922095,10.409036,1067.805298991925,100.0,49.91291497334671,2.129797e+06,0.6675824200573295,1523406.8418881746,568,18379
Comfortably Numb,52881,27.029748517685544,102.099,2.8896003,10.258051,1533.5671791380646,0.0,49.5735708477525,5.399097e+06,0.6722690234639364,3883426.0513188066,1586,51295
